City_ID,City,Country,Date,Lat,Lng,Max Temp,Humidity,Cloudiness,Wind Speed
0,Moerai,PF,2020-02-20 07:18:41,-22.43,-151.33,81.36,83,100,11.79
1,Mataura,NZ,2020-02-20 07:18:41,-46.19,168.86,70.0,77,93,4.0
2,Itarema,BR,2020-02-20 07:18:42,-2.92,-39.92,74.44,93,100,3.67
3,Nanortalik,GL,2020-02-20 07:18:42,60.14,-45.24,19.04,51,100,7.74
4,Chuy,UY,2020-02-20 07:18:42,-33.7,-53.46,67.28,92,0,5.32
5,Barrow,US,2020-02-20 07:16:47,71.29,-156.79,-2.2,77,90,9.17
6,Guerrero,MX,2020-02-20 07:18:42,17.67,-100.0,57.45,58,0,2.08
7,Kapaa,US,2020-02-20 07:17:15,22.08,-159.32,75.2,73,90,23.04
8,Hithadhoo,MV,2020-02-20 07:18:43,-0.6,73.08,82.92,78,28,16.15
9,Valley City,US,2020-02-20 07:18:43,46.92,-98.0,-5.8,83,1,4.7
10,Beyneu,KZ,2020-02-20 07:16:57,45.32,55.2,37.65,43,100,14.41
11,Bambous Virieux,MU,2020-02-20 07:18:43,-20.34,57.76,82.99,69,40,12.75
12,Hasaki,JP,2020-02-20 07:18:44,35.73,140.83,54.0,71,75,9.17
13,Goderich,CA,2020-02-20 07:15:33,43.75,-81.72,23.0,46,84,3.0
14,Airai,TL,2020-02-20 07:17:24,-8.93,125.41,76.82,84,70,2.44
15,Srednekolymsk,RU,2020-02-20 07:18:44,67.45,153.68,-17.75,96,86,4.59
16,Bluff,NZ,2020-02-20 07:18:45,-46.6,168.33,70.0,77,100,4.0
17,Coahuayana,MX,2020-02-20 07:18:45,18.73,-103.68,72.48,57,0,3.36
18,Bethel,US,2020-02-20 07:18:45,41.37,-73.41,32.0,49,1,4.7
19,Guarapari,BR,2020-02-20 07:15:22,-20.67,-40.5,78.8,83,100,8.05
20,Port Elizabeth,ZA,2020-02-20 07:18:46,-33.92,25.57,80.6,61,35,28.86
21,Quelimane,MZ,2020-02-20 07:16:50,-17.88,36.89,84.2,89,75,6.93
22,Egvekinot,RU,2020-02-20 07:18:46,66.32,-179.17,-17.07,86,0,9.35
23,Punta Arenas,CL,2020-02-20 07:18:46,-53.15,-70.92,44.6,71,40,9.17
24,Alice Springs,AU,2020-02-20 07:18:47,-23.7,133.88,93.2,7,3,10.29
25,Ziro,IN,2020-02-20 07:18:47,27.63,93.83,53.91,85,100,2.62
26,Ushuaia,AR,2020-02-20 07:18:47,-54.8,-68.3,46.4,87,75,24.16
27,Nikolskoye,RU,2020-02-20 07:18:47,59.7,30.79,35.6,93,90,8.95
28,Lebu,CL,2020-02-20 07:17:12,-37.62,-73.65,50.47,62,0,5.01
29,Trelew,AR,2020-02-20 07:18:48,-43.25,-65.31,51.69,35,0,10.63
30,Comodoro Rivadavia,AR,2020-02-20 07:18:48,-45.87,-67.5,57.2,41,0,11.41
31,Bredasdorp,ZA,2020-02-20 07:18:48,-34.53,20.04,69.8,83,75,5.82
32,Rikitea,PF,2020-02-20 07:18:48,-23.12,-134.97,78.49,80,14,14.5
33,Hermanus,ZA,2020-02-20 07:16:54,-34.42,19.23,73.99,99,85,1.01
34,Ibotirama,BR,2020-02-20 07:18:49,-12.19,-43.22,70.07,78,24,2.48
35,Bogale,MM,2020-02-20 07:18:49,16.28,95.4,94.59,25,65,2.93
36,Lata,PT,2020-02-20 07:18:49,40.16,-8.33,51.01,86,0,3.36
37,Busselton,AU,2020-02-20 07:18:49,-33.65,115.33,93.99,9,0,2.68
38,Dikson,RU,2020-02-20 07:18:50,73.51,80.55,6.91,88,97,9.06
39,Geraldton,AU,2020-02-20 07:18:50,-28.77,114.6,84.2,48,75,8.05
40,Ust-Kuyga,RU,2020-02-20 07:18:50,70.02,135.6,-10.1,88,100,10.29
41,Sao Joao Da Barra,BR,2020-02-20 07:18:50,-21.64,-41.05,76.5,85,100,14.41
42,Cape Town,ZA,2020-02-20 07:16:41,-33.93,18.42,73.99,77,40,19.46
43,Gizo,SB,2020-02-20 07:18:51,-8.1,156.84,80.6,81,11,9.73
44,Saint-Augustin,CA,2020-02-20 07:17:31,51.23,-58.65,12.9,73,100,23.64
45,Cabo San Lucas,MX,2020-02-20 07:14:44,22.89,-109.91,66.99,71,7,8.03
46,Qaanaaq,GL,2020-02-20 07:16:58,77.48,-69.36,-13.29,53,0,3.89
47,Lincoln,US,2020-02-20 07:15:05,40.8,-96.67,15.01,78,1,5.82
48,Bengkulu,ID,2020-02-20 07:18:52,-3.8,102.27,92.53,47,3,0.27
49,Ostrovnoy,RU,2020-02-20 07:18:52,68.05,39.51,2.95,89,37,9.08
50,Panormos,GR,2020-02-20 07:18:52,35.42,24.69,60.01,82,75,10.29
51,Provideniya,RU,2020-02-20 07:18:53,64.38,-173.3,1.4,64,100,15.66
52,Aras,ES,2020-02-20 07:18:53,42.56,-2.36,32.0,100,0,2.24
53,Deputatskiy,RU,2020-02-20 07:18:53,69.3,139.9,-8.0,91,100,3.78
54,Aklavik,CA,2020-02-20 07:18:53,68.22,-135.01,6.8,84,90,8.05
55,Mar Del Plata,AR,2020-02-20 07:18:54,-38.0,-57.56,55.0,81,35,5.82
56,Puerto Ayora,EC,2020-02-20 07:18:54,-0.74,-90.35,77.56,89,42,8.34
57,Ribeira Grande,PT,2020-02-20 07:16:53,38.52,-28.7,51.8,57,20,11.41
58,Port Alfred,ZA,2020-02-20 07:16:55,-33.59,26.89,87.01,67,37,1.99
59,Port-Gentil,GA,2020-02-20 07:18:55,-0.72,8.78,82.4,88,75,3.36
60,Cabadiangan,PH,2020-02-20 07:18:55,9.75,122.47,86.16,58,34,20.76
61,Krasnoselkup,RU,2020-02-20 07:18:55,65.7,82.47,28.98,95,100,14.25
62,Jamestown,US,2020-02-20 07:18:55,42.1,-79.24,25.0,85,90,5.53
63,Saint-Philippe,RE,2020-02-20 07:18:55,-21.36,55.77,86.0,58,0,21.92
64,Orbe,CH,2020-02-20 07:18:56,46.73,6.53,39.0,86,47,2.24
65,Redmond,US,2020-02-20 07:18:45,47.67,-122.12,44.6,45,1,10.29
66,Tutoia,BR,2020-02-20 07:18:56,-2.76,-42.27,74.07,94,100,1.39
67,Albany,US,2020-02-20 07:15:05,42.6,-73.97,24.8,53,75,10.29
68,Hilo,US,2020-02-20 07:14:53,19.73,-155.09,73.4,69,75,4.7
69,Gumdag,TM,2020-02-20 07:18:57,39.21,54.59,45.59,42,92,13.22
70,Aksu,CN,2020-02-20 07:18:57,41.12,80.26,39.72,29,5,3.62
71,Anna Paulowna,NL,2020-02-20 07:18:57,52.86,4.83,48.2,93,90,19.46
72,Swellendam,ZA,2020-02-20 07:18:57,-34.02,20.44,69.8,83,75,5.82
73,Christchurch,NZ,2020-02-20 07:16:40,-43.53,172.63,64.99,82,100,17.22
74,East London,ZA,2020-02-20 07:18:58,-33.02,27.91,82.4,69,71,5.82
75,Yellowknife,CA,2020-02-20 07:14:29,62.46,-114.35,15.8,85,75,5.82
76,Mount Gambier,AU,2020-02-20 07:18:58,-37.83,140.77,62.6,63,90,14.99
77,Klaksvik,FO,2020-02-20 07:18:58,62.23,-6.59,37.4,69,100,29.97
78,Gijon,ES,2020-02-20 07:15:35,43.54,-5.66,41.0,80,1,8.05
79,Atuona,PF,2020-02-20 07:18:59,-9.8,-139.03,81.16,80,16,19.35
80,Saskylakh,RU,2020-02-20 07:18:59,71.92,114.08,-10.61,93,0,2.19
81,Tiksi,RU,2020-02-20 07:17:16,71.69,128.87,-2.25,83,100,12.17
82,Tuktoyaktuk,CA,2020-02-20 07:18:59,69.45,-133.04,5.0,77,90,18.34
83,Hobart,AU,2020-02-20 07:14:15,-42.88,147.33,64.4,39,40,17.22
84,Kasongo-Lunda,CD,2020-02-20 07:19:00,-6.47,16.82,69.42,92,89,1.01
85,Georgetown,MY,2020-02-20 07:14:49,5.41,100.34,91.4,52,20,6.93
86,Shenjiamen,CN,2020-02-20 07:19:00,29.96,122.3,50.68,74,0,10.25
87,Port Blair,IN,2020-02-20 07:19:01,11.67,92.75,81.32,80,84,17.9
88,Beinamar,TD,2020-02-20 07:19:01,8.67,15.38,67.42,22,18,4.07
89,Rosarito,MX,2020-02-20 07:19:01,32.33,-117.03,57.2,82,20,6.93
90,Nemuro,JP,2020-02-20 07:19:02,43.32,145.57,32.0,75,40,9.17
91,Mbaiki,CF,2020-02-20 07:19:02,3.87,17.99,72.84,68,27,2.19
92,Kushmurun,KZ,2020-02-20 07:19:02,52.45,64.63,18.73,90,93,18.37
93,Sorland,NO,2020-02-20 07:19:02,67.67,12.69,33.8,69,84,21.92
94,Asyut,EG,2020-02-20 07:19:03,27.18,31.18,50.0,57,0,3.85
95,Vaini,TO,2020-02-20 07:19:03,-21.2,-175.2,77.0,73,40,6.93
96,Winnemucca,US,2020-02-20 07:15:00,40.97,-117.74,28.4,42,1,11.41
97,Mezen,RU,2020-02-20 07:19:03,65.85,44.24,21.56,83,100,11.99
98,Tecoanapa,MX,2020-02-20 07:19:04,16.52,-98.75,73.76,49,0,3.29
99,Tasiilaq,GL,2020-02-20 07:16:56,65.61,-37.64,21.2,79,83,6.13
100,Butaritari,KI,2020-02-20 07:19:04,3.07,172.79,82.71,81,100,13.62
101,Maidstone,GB,2020-02-20 07:17:27,51.27,0.52,50.0,93,40,20.8
102,Coquimbo,CL,2020-02-20 07:17:10,-29.95,-71.34,61.92,90,0,1.23
103,Liverpool,GB,2020-02-20 07:17:27,53.41,-2.98,52.0,81,75,20.8
104,Dubbo,AU,2020-02-20 07:15:37,-32.25,148.62,80.6,21,17,11.41
105,Kruisfontein,ZA,2020-02-20 07:19:05,-34.0,24.73,76.55,63,17,16.96
106,Blagoyevo,RU,2020-02-20 07:19:05,63.37,47.92,30.07,95,100,6.98
107,Xai-Xai,MZ,2020-02-20 07:19:05,-25.05,33.64,81.14,77,30,4.09
108,Komsomolskiy,UZ,2020-02-20 07:19:06,40.43,71.72,39.2,55,0,3.91
109,Avera,US,2020-02-20 07:19:06,33.19,-82.53,48.99,70,90,11.41
110,Opuwo,NA,2020-02-20 07:19:06,-18.06,13.84,68.14,28,100,4.7
111,Gandia,ES,2020-02-20 07:16:23,38.97,-0.18,52.0,100,0,4.7
112,Jaca,ES,2020-02-20 07:19:06,42.57,-0.55,37.99,56,77,3.36
113,Thompson,CA,2020-02-20 07:19:07,55.74,-97.86,1.4,64,5,8.05
114,Sioux Lookout,CA,2020-02-20 07:19:00,50.1,-91.92,-13.0,83,5,4.7
115,Victoria,HK,2020-02-20 07:15:00,22.29,114.16,77.0,56,0,11.41
116,Akyab,MM,2020-02-20 07:16:44,20.15,92.9,73.65,54,0,5.7
117,New Norfolk,AU,2020-02-20 07:19:08,-42.78,147.06,64.4,39,40,17.22
118,Obo,CF,2020-02-20 07:19:08,5.4,26.49,77.49,39,86,3.36
119,Talnakh,RU,2020-02-20 07:19:09,69.49,88.4,10.78,94,100,16.75
120,Saldanha,ZA,2020-02-20 07:19:09,-33.01,17.94,68.0,91,90,11.41
121,Bay Roberts,CA,2020-02-20 07:19:09,47.6,-53.26,27.0,85,90,25.28
122,Bubaque,GW,2020-02-20 07:19:09,11.28,-15.83,79.27,66,44,10.65
123,Kamenka,RU,2020-02-20 07:19:09,51.32,42.77,37.0,87,100,1.99
124,Carnarvon,AU,2020-02-20 07:19:10,-24.87,113.63,93.2,41,97,19.46
125,Puerto Madryn,AR,2020-02-20 07:15:13,-42.77,-65.04,52.23,33,0,11.07
126,Faanui,PF,2020-02-20 07:17:43,-16.48,-151.75,83.34,77,100,18.05
127,Lagoa,PT,2020-02-20 07:19:10,39.05,-27.98,54.52,59,0,14.47
128,Plettenberg Bay,ZA,2020-02-20 07:19:10,-34.05,23.37,72.39,75,0,11.95
129,Alta Floresta,BR,2020-02-20 07:19:11,-9.88,-56.09,71.92,97,100,3.13
130,Pangani,TZ,2020-02-20 07:19:11,-5.43,38.97,83.12,75,87,3.85
131,Ilulissat,GL,2020-02-20 07:19:11,69.22,-51.1,-2.2,49,100,2.24
132,Vilhena,BR,2020-02-20 07:19:11,-12.74,-60.15,71.19,88,100,0.65
133,Tura,IN,2020-02-20 07:19:12,25.52,90.22,85.53,24,100,3.78
134,Rocha,UY,2020-02-20 07:18:26,-34.48,-54.33,62.4,81,9,10.96
135,Mafinga,TZ,2020-02-20 07:19:12,-7.25,35.07,73.06,77,87,1.66
136,Bambanglipuro,ID,2020-02-20 07:19:12,-7.95,110.28,85.5,66,100,4.59
137,Sarankhola,BD,2020-02-20 07:19:12,22.31,89.79,86.18,26,98,1.9
138,Shelburne,CA,2020-02-20 07:18:04,44.08,-80.2,21.0,72,90,5.82
139,Castro,BR,2020-02-20 07:15:03,-24.79,-50.01,65.98,97,95,1.03
140,Verkhoyansk,RU,2020-02-20 07:19:13,67.54,133.38,-12.51,85,80,2.73
141,Tromso,NO,2020-02-20 07:16:09,69.65,18.96,26.6,58,53,19.46
142,Mahibadhoo,MV,2020-02-20 07:17:44,3.78,72.97,81.68,75,11,18.12
143,Argostolion,GR,2020-02-20 07:19:14,38.18,20.49,55.4,71,40,9.17
144,Austin,US,2020-02-20 07:18:41,30.27,-97.74,46.99,100,90,10.29
145,Krasnoborsk,RU,2020-02-20 07:19:14,61.56,45.93,32.52,95,100,6.89
146,Kavaratti,IN,2020-02-20 07:19:15,10.57,72.64,81.91,67,0,8.32
147,San Luis,AR,2020-02-20 07:19:15,-33.3,-66.34,68.32,30,0,20.27
148,Guerrero Negro,MX,2020-02-20 07:19:15,27.98,-114.06,59.07,86,0,8.12
149,Bilma,NE,2020-02-20 07:19:15,18.69,12.92,57.6,34,0,7.23
150,Naze,JP,2020-02-20 07:19:15,28.37,129.48,66.2,55,75,8.05
151,Arraial Do Cabo,BR,2020-02-20 07:19:16,-22.97,-42.03,77.34,86,100,23.94
152,Tres Arroyos,AR,2020-02-20 07:19:16,-38.37,-60.28,53.28,63,7,7.81
153,Ternate,ID,2020-02-20 07:19:16,0.8,127.4,87.15,58,37,5.95
154,Camopi,GF,2020-02-20 07:19:16,3.17,-52.32,71.28,90,89,4.59
155,Peniche,PT,2020-02-20 07:19:16,39.36,-9.38,51.01,100,40,1.12
156,Leningradskiy,RU,2020-02-20 07:19:17,69.38,178.42,-9.76,93,100,20.54
157,Emirdag,TR,2020-02-20 07:19:17,39.02,31.15,41.0,65,75,3.4
158,Severo-Kurilsk,RU,2020-02-20 07:19:17,50.68,156.12,18.77,86,68,11.45
159,Bonavista,CA,2020-02-20 07:19:17,48.65,-53.11,26.01,68,54,24.0
160,Maarianhamina,AX,2020-02-20 07:16:36,60.1,19.93,21.2,92,0,1.12
161,Manggar,ID,2020-02-20 07:19:18,-2.88,108.27,82.81,79,99,19.08
162,Kudahuvadhoo,MV,2020-02-20 07:19:18,2.67,72.89,82.04,77,22,18.52
163,Ambovombe,MG,2020-02-20 07:19:18,-25.17,46.08,86.27,51,0,3.51
164,Tessalit,ML,2020-02-20 07:19:18,20.2,1.01,62.4,16,11,13.65
165,Khatanga,RU,2020-02-20 07:19:19,71.97,102.5,-7.37,85,6,4.81
166,Castanos,MX,2020-02-20 07:19:19,26.78,-101.42,55.99,74,0,4.0
167,Matadi,CD,2020-02-20 07:19:19,-5.82,13.45,71.67,89,93,2.71
168,Oudtshoorn,ZA,2020-02-20 07:19:19,-33.59,22.2,71.6,83,75,18.34
169,Vardo,NO,2020-02-20 07:19:19,70.37,31.11,21.2,78,48,32.21
170,Zhigansk,RU,2020-02-20 07:19:20,66.77,123.37,-7.6,96,100,22.39
171,Kisangani,CD,2020-02-20 07:19:20,0.52,25.2,74.35,92,77,1.5
172,Seymchan,RU,2020-02-20 07:19:20,62.88,152.43,-19.62,100,100,2.53
173,Les Cayes,HT,2020-02-20 07:19:20,18.2,-73.75,80.44,74,8,13.73
174,Chardara,KZ,2020-02-20 07:19:20,41.25,67.97,42.73,39,0,5.21
175,Voh,NC,2020-02-20 07:19:21,-20.97,164.7,80.83,71,6,9.37
176,Pevek,RU,2020-02-20 07:19:21,69.7,170.31,-13.2,99,100,5.3
177,Villanueva,HN,2020-02-20 07:19:21,15.32,-88.0,78.8,88,75,4.7
178,Berestechko,UA,2020-02-20 07:19:22,50.36,25.11,35.64,94,100,11.74
179,Cayenne,GF,2020-02-20 07:18:24,4.93,-52.33,77.0,78,20,5.82
180,Yumbel,CL,2020-02-20 07:19:22,-37.08,-72.57,51.8,87,0,6.93
181,Asau,RO,2020-02-20 07:19:22,46.43,26.4,39.0,80,100,1.12
182,Vuktyl,RU,2020-02-20 07:19:23,63.86,57.31,31.26,95,92,10.11
183,Tateyama,JP,2020-02-20 07:19:23,34.98,139.87,55.99,58,75,3.36
184,Vaitape,PF,2020-02-20 07:19:23,-16.52,-151.75,83.34,77,100,18.05
185,Hegra,NO,2020-02-20 07:19:23,63.46,11.11,37.4,55,100,9.17
186,Korla,CN,2020-02-20 07:19:23,41.76,86.15,26.2,51,64,4.79
187,Olavarria,AR,2020-02-20 07:19:24,-36.89,-60.32,54.0,74,0,14.29
188,Birmitrapur,IN,2020-02-20 07:19:24,22.4,84.77,83.32,21,99,3.06
189,Tupik,RU,2020-02-20 07:19:24,54.43,119.93,5.83,81,0,0.51
190,Umm Lajj,SA,2020-02-20 07:19:24,25.02,37.27,61.97,40,0,8.08
191,Luderitz,NA,2020-02-20 07:19:25,-26.65,15.16,64.63,90,40,18.01
192,Penhold,CA,2020-02-20 07:19:25,52.13,-113.87,27.0,71,5,6.93
193,Clyde River,CA,2020-02-20 07:19:25,70.47,-68.59,-11.2,83,90,13.87
194,Kaitangata,NZ,2020-02-20 07:19:26,-46.28,169.85,60.01,87,92,15.01
195,Torbay,CA,2020-02-20 07:19:26,47.67,-52.73,27.0,85,90,25.28
196,Rawlins,US,2020-02-20 07:19:26,41.79,-107.24,3.2,91,1,3.11
197,Ambunti,PG,2020-02-20 07:19:26,-4.24,142.84,91.78,50,29,4.65
198,Upernavik,GL,2020-02-20 07:19:26,72.79,-56.15,0.77,94,100,5.1
199,Hamilton,US,2020-02-20 07:15:03,39.18,-84.53,32.0,86,1,3.36
200,Norman Wells,CA,2020-02-20 07:19:27,65.28,-126.83,6.8,84,75,3.36
201,Longyearbyen,SJ,2020-02-20 07:19:27,78.22,15.64,10.4,60,40,21.92
202,Weatherford,US,2020-02-20 07:19:27,32.76,-97.8,44.6,100,90,12.75
203,Vila Franca Do Campo,PT,2020-02-20 07:19:27,37.72,-25.43,51.8,62,20,12.75
204,Chokurdakh,RU,2020-02-20 07:16:43,70.63,147.92,-10.03,92,86,7.0
205,Sur,OM,2020-02-20 07:19:28,22.57,59.53,80.11,25,24,3.65
206,Lujan,AR,2020-02-20 07:19:28,-34.57,-59.1,66.2,55,0,12.75
207,Bud,US,2020-02-20 07:17:12,39.45,-86.18,30.99,68,90,9.17
208,Aktau,KZ,2020-02-20 07:19:29,43.65,51.2,42.8,81,90,9.08
209,Nome,US,2020-02-20 07:16:42,64.5,-165.41,5.0,77,90,12.75
210,Decatur,US,2020-02-20 07:19:29,39.84,-88.95,28.4,68,20,12.75
211,Barreirinhas,BR,2020-02-20 07:15:07,-2.75,-42.83,73.74,96,100,1.39
212,Fagernes,NO,2020-02-20 07:19:29,60.99,9.23,24.01,92,100,8.01
213,Lavrentiya,RU,2020-02-20 07:19:30,65.58,-171.0,-13.61,87,98,9.64
214,Oksfjord,NO,2020-02-20 07:19:30,70.24,22.35,32.0,68,40,9.17
215,Kysyl-Syr,RU,2020-02-20 07:19:30,63.9,122.76,7.63,93,100,6.62
216,Derzhavinsk,KZ,2020-02-20 07:19:30,51.1,66.32,15.64,85,53,15.79
217,Tuatapere,NZ,2020-02-20 07:19:30,-46.13,167.68,70.0,77,100,4.0
218,Buldana,IN,2020-02-20 07:19:31,20.53,76.18,88.34,21,0,13.06
219,Usinsk,RU,2020-02-20 07:19:31,65.99,57.53,27.84,97,98,4.63
220,Lompoc,US,2020-02-20 07:17:51,34.64,-120.46,54.0,87,90,4.7
221,Veraval,IN,2020-02-20 07:19:31,20.9,70.37,86.4,26,0,8.52
222,Port Lincoln,AU,2020-02-20 07:16:50,-34.73,135.87,64.44,57,98,11.54
223,Bagotville,AU,2020-02-20 07:19:32,-28.98,153.42,82.4,65,0,13.87
224,Charcas,MX,2020-02-20 07:19:32,23.13,-101.12,55.67,86,0,7.0
225,Port Keats,AU,2020-02-20 07:19:32,-14.25,129.55,91.85,58,81,12.12
226,Pangnirtung,CA,2020-02-20 07:19:33,66.15,-65.71,-31.92,83,4,1.83
227,Kodiak,US,2020-02-20 07:19:33,57.79,-152.41,37.4,86,90,8.05
228,Columbia,US,2020-02-20 07:14:41,34.0,-81.03,48.2,93,90,8.05
229,Hofn,IS,2020-02-20 07:19:33,64.25,-15.21,38.55,80,91,27.11
230,Knysna,ZA,2020-02-20 07:16:18,-34.04,23.05,71.6,83,75,18.34
231,Santiago De Chuco,PE,2020-02-20 07:19:34,-8.15,-78.18,45.12,93,35,3.44
232,Marsa Matruh,EG,2020-02-20 07:18:36,31.35,27.25,53.6,66,75,9.17
233,Peraiyur,IN,2020-02-20 07:19:34,9.74,77.79,86.97,35,5,13.62
234,Quepos,CR,2020-02-20 07:16:04,9.42,-84.17,73.4,69,32,23.04
235,Portland,US,2020-02-20 07:16:03,45.52,-122.68,48.2,29,1,16.11
236,Yarada,IN,2020-02-20 07:19:35,17.65,83.27,77.92,58,0,4.25
237,Kletskaya,RU,2020-02-20 07:19:35,49.31,43.06,36.0,94,100,5.68
238,Cherskiy,RU,2020-02-20 07:19:35,68.75,161.3,-20.24,97,99,4.99
239,Buala,SB,2020-02-20 07:17:54,-8.14,159.59,85.46,71,14,11.36
240,Varberg,SE,2020-02-20 07:19:36,57.11,12.25,39.99,86,75,11.41
241,Khandyga,RU,2020-02-20 07:19:36,62.67,135.6,-13.41,89,79,1.81
242,Sabha,LY,2020-02-20 07:19:36,27.04,14.43,50.54,49,50,9.26
243,Dingle,PH,2020-02-20 07:17:02,11.0,122.67,78.17,79,97,18.9
244,Yubari,JP,2020-02-20 07:19:36,43.04,141.96,33.8,74,75,5.82
245,Batagay,RU,2020-02-20 07:19:37,67.63,134.63,-12.17,87,66,4.85
246,Pisco,PE,2020-02-20 07:19:37,-13.7,-76.22,71.6,88,100,6.93
247,Angren,UZ,2020-02-20 07:19:37,41.02,70.14,37.22,93,0,0.56
248,Ixtapa,MX,2020-02-20 07:19:37,20.7,-105.2,71.01,100,5,1.99
249,Paciran,ID,2020-02-20 07:19:37,-6.88,112.38,79.09,88,99,12.37
250,Ahuimanu,US,2020-02-20 07:19:38,21.44,-157.84,73.4,73,75,16.11
251,Haimen,CN,2020-02-20 07:19:38,23.19,116.61,69.8,46,0,8.95
252,Brigantine,US,2020-02-20 07:19:38,39.41,-74.36,39.2,63,1,5.82
253,Lazo,RU,2020-02-20 07:19:38,43.38,133.9,22.42,75,63,6.35
254,Samarai,PG,2020-02-20 07:19:38,-10.62,150.67,87.75,59,100,4.32
255,Ulladulla,AU,2020-02-20 07:19:39,-35.35,150.47,71.6,53,40,14.99
256,Tautira,PF,2020-02-20 07:19:39,-17.73,-149.15,82.4,65,20,5.82
257,Ambon,ID,2020-02-20 07:19:39,-3.7,128.18,85.33,70,19,15.41
258,Kavieng,PG,2020-02-20 07:19:39,-2.57,150.8,84.02,73,13,18.21
259,Yulara,AU,2020-02-20 07:19:40,-25.24,130.99,96.8,11,75,11.41
260,La Plata,AR,2020-02-20 07:19:40,-34.92,-57.95,66.2,63,0,8.05
261,College,US,2020-02-20 07:19:40,64.86,-147.8,19.4,92,40,2.39
262,Codrington,AU,2020-02-20 07:19:40,-38.27,141.97,58.96,70,75,13.42
263,Mount Isa,AU,2020-02-20 07:17:03,-20.73,139.5,100.4,18,0,10.29
264,Morehead,US,2020-02-20 07:19:41,37.27,-87.18,39.2,59,90,4.7
265,Pontes E Lacerda,BR,2020-02-20 07:19:41,-15.23,-59.34,73.18,97,100,2.68
266,Kupang,ID,2020-02-20 07:19:41,-10.17,123.58,85.23,69,19,9.19
267,Kawalu,ID,2020-02-20 07:19:41,-7.38,108.21,79.84,79,33,3.94
268,Cap Malheureux,MU,2020-02-20 07:19:41,-19.98,57.61,82.99,69,40,12.75
269,Salalah,OM,2020-02-20 07:19:42,17.02,54.09,78.8,61,20,9.17
270,Bon Accord,CA,2020-02-20 07:19:42,53.83,-113.42,25.0,67,1,10.29
271,Sagua De Tanamo,CU,2020-02-20 07:19:42,20.58,-75.24,68.31,96,26,4.63
272,Mamlyutka,KZ,2020-02-20 07:17:11,54.94,68.54,26.6,86,90,24.61
273,Yar-Sale,RU,2020-02-20 07:19:15,66.83,70.83,16.59,85,100,5.06
274,Kalmunai,LK,2020-02-20 07:19:43,7.42,81.82,80.69,78,97,12.88
275,Ninghai,CN,2020-02-20 07:19:43,29.29,121.42,66.0,42,0,4.47
276,Murgab,TM,2020-02-20 07:19:43,37.5,61.97,48.52,41,24,16.96
277,Berlevag,NO,2020-02-20 07:19:43,70.86,29.09,26.6,86,40,24.16
278,Cidreira,BR,2020-02-20 07:19:44,-30.18,-50.21,74.7,81,22,10.98
279,Unai,BR,2020-02-20 07:19:44,-16.36,-46.91,67.1,94,91,2.13
280,Tahta,EG,2020-02-20 07:19:44,26.77,31.5,51.8,62,0,3.36
281,Meulaboh,ID,2020-02-20 07:17:31,4.14,96.13,81.79,76,3,5.57
282,Margate,GB,2020-02-20 07:19:44,51.38,1.39,50.0,93,40,20.8
283,Mahebourg,MU,2020-02-20 07:17:24,-20.41,57.7,82.99,69,40,12.75
284,Omsukchan,RU,2020-02-20 07:19:45,62.53,155.8,-24.54,100,87,1.88
285,Vanimo,PG,2020-02-20 07:17:13,-2.67,141.3,82.02,79,59,15.14
286,Fortuna,US,2020-02-20 07:19:45,40.6,-124.16,42.01,100,40,3.51
287,Merke,KZ,2020-02-20 07:19:46,42.87,73.18,30.88,63,0,3.33
288,Paamiut,GL,2020-02-20 07:19:46,61.99,-49.67,5.23,53,93,6.71
289,Ponta Delgada,PT,2020-02-20 07:19:46,37.73,-25.67,51.8,62,20,12.75
290,Namwala,ZM,2020-02-20 07:19:46,-15.75,26.44,67.84,91,10,6.67
291,West Richland,US,2020-02-20 07:19:46,46.3,-119.36,33.01,79,1,5.1
292,Lufilufi,WS,2020-02-20 07:19:47,-13.87,-171.6,80.6,94,90,25.28
293,Jiayuguan,CN,2020-02-20 07:19:47,39.82,98.3,34.95,27,80,20.27
294,Morant Bay,JM,2020-02-20 07:19:47,17.88,-76.41,77.0,73,20,4.7
295,Anklam,DE,2020-02-20 07:19:47,53.86,13.69,35.01,89,25,1.99
296,Port Hedland,AU,2020-02-20 07:19:47,-20.32,118.57,96.8,50,0,14.99
297,Port Augusta,AU,2020-02-20 07:19:48,-32.5,137.77,79.0,46,98,17.22
298,Alofi,NU,2020-02-20 07:19:48,-19.06,-169.92,77.77,89,100,20.27
299,Poplar Bluff,US,2020-02-20 07:18:54,36.76,-90.39,41.0,65,1,9.33
300,Bocaiuva,BR,2020-02-20 07:19:48,-17.11,-43.81,65.37,94,0,2.42
301,Jalu,LY,2020-02-20 07:19:48,29.03,21.55,52.36,73,0,6.49
302,Andenes,NO,2020-02-20 07:19:49,69.31,16.12,26.6,63,57,12.75
303,Charters Towers,AU,2020-02-20 07:19:49,-20.1,146.27,94.5,41,42,12.15
304,Svetlyy,RU,2020-02-20 07:19:49,54.67,20.13,37.4,93,75,4.47
305,Detchino,RU,2020-02-20 07:15:30,54.81,36.31,33.8,90,90,2.24
306,Merauke,ID,2020-02-20 07:19:49,-8.47,140.33,86.56,69,100,13.2
307,Santa Isabel,BR,2020-02-20 07:18:21,-23.32,-46.22,71.6,100,26,1.81
308,Los Llanos De Aridane,ES,2020-02-20 07:17:10,28.66,-17.92,62.6,63,75,13.87
309,Beloha,MG,2020-02-20 07:19:50,-25.17,45.05,84.49,55,0,9.1
310,Changli,CN,2020-02-20 07:19:50,39.7,119.15,43.5,64,21,8.61
311,Priiskovyy,RU,2020-02-20 07:19:51,51.93,116.63,6.12,85,100,4.27
312,Rolla,US,2020-02-20 07:18:52,37.95,-91.77,33.01,74,90,9.17
313,Kaka,TM,2020-02-20 07:19:51,37.35,59.61,46.08,45,84,10.11
314,Atherton,GB,2020-02-20 07:17:22,53.52,-2.49,52.0,76,75,11.41
315,Onda,ES,2020-02-20 07:19:52,39.97,-0.25,46.0,100,13,2.24
316,Tortoli,IT,2020-02-20 07:19:52,39.93,9.66,53.6,58,5,13.87
317,Karratha,AU,2020-02-20 07:19:52,-20.74,116.85,84.4,81,0,13.0
318,Richmond,US,2020-02-20 07:19:04,37.55,-77.46,33.8,80,1,5.64
319,Bemidji,US,2020-02-20 07:19:53,47.47,-94.88,-11.0,75,1,6.11
320,Gardendale,US,2020-02-20 07:19:53,33.66,-86.81,48.99,100,90,3.36
321,Nushki,PK,2020-02-20 07:19:53,29.55,66.02,52.52,35,0,3.22
322,La Ronge,CA,2020-02-20 07:19:53,55.1,-105.28,5.0,77,5,5.82
323,Inuvik,CA,2020-02-20 07:18:22,68.35,-133.72,6.8,84,90,8.05
324,Bintulu,MY,2020-02-20 07:19:54,3.17,113.03,87.8,74,75,11.41
325,Gamba,GA,2020-02-20 07:19:54,-2.65,10.0,77.74,88,93,2.95
326,Olafsvik,IS,2020-02-20 07:19:54,64.89,-23.71,33.98,80,100,45.59
327,Santa Maria Da Vitoria,BR,2020-02-20 07:19:55,-13.39,-44.19,67.08,95,15,2.39
328,Nouadhibou,MR,2020-02-20 07:17:18,20.93,-17.03,62.6,77,0,18.34
329,Katsuura,JP,2020-02-20 07:19:55,35.13,140.3,55.99,62,75,3.36
330,Atar,MR,2020-02-20 07:19:55,20.52,-13.05,66.6,16,0,10.0
331,Sorong,ID,2020-02-20 07:19:55,-0.88,131.25,86.95,59,97,7.9
332,Stow,US,2020-02-20 07:19:56,41.16,-81.44,28.0,58,1,5.82
333,San Cristobal,VE,2020-02-20 07:19:56,7.77,-72.22,56.55,97,94,1.99
334,Beringovskiy,RU,2020-02-20 07:17:42,63.05,179.32,-14.3,84,0,16.11
335,Sudak,UA,2020-02-20 07:19:56,44.85,34.97,38.52,96,100,4.32
336,Sosnovo-Ozerskoye,RU,2020-02-20 07:19:57,52.52,111.54,12.27,85,100,5.23
337,Ust-Tsilma,RU,2020-02-20 07:19:57,65.44,52.15,30.74,91,97,8.32
338,Itapirapua,BR,2020-02-20 07:19:57,-15.82,-50.61,69.8,96,97,1.83
339,General Roca,AR,2020-02-20 07:19:58,-39.03,-67.58,57.2,20,0,9.06
340,Chifeng,CN,2020-02-20 07:19:58,42.27,118.96,31.53,63,100,6.78
341,Kenai,US,2020-02-20 07:19:58,60.55,-151.26,28.0,79,90,14.99
342,Ponta Do Sol,PT,2020-02-20 07:19:58,32.67,-17.1,60.8,59,40,8.05
343,A Coruna,ES,2020-02-20 07:15:34,43.37,-8.4,48.0,93,75,5.82
344,Seminole,US,2020-02-20 07:19:59,28.71,-81.21,71.01,88,75,6.93
345,Avarua,CK,2020-02-20 07:19:59,-21.21,-159.78,80.6,88,100,6.93
346,Sheridan,US,2020-02-20 07:19:59,44.83,-106.92,10.4,77,1,3.36
347,Husavik,IS,2020-02-20 07:19:59,66.04,-17.34,33.8,93,90,14.99
348,Grand Gaube,MU,2020-02-20 07:20:00,-20.01,57.66,82.99,69,40,12.75
349,Gat,IL,2020-02-20 07:20:00,31.61,34.76,60.8,77,40,5.82
350,Raudeberg,NO,2020-02-20 07:20:00,61.99,5.14,44.6,86,75,19.46
351,Palmer,US,2020-02-20 07:20:00,42.16,-72.33,26.01,57,75,6.93
352,Waiouru,NZ,2020-02-20 07:20:00,-39.48,175.67,68.02,43,79,4.97
353,Sambava,MG,2020-02-20 07:20:01,-14.27,50.17,81.99,78,35,1.86
354,Calama,CL,2020-02-20 07:20:01,-22.47,-68.93,53.6,58,64,11.41
355,Emporia,US,2020-02-20 07:20:01,38.4,-96.18,30.2,100,90,12.75
356,Paka,MY,2020-02-20 07:20:01,4.64,103.44,81.34,78,53,15.28
357,Asosa,ET,2020-02-20 07:16:48,10.07,34.53,77.52,15,21,7.56
358,Boa Vista,BR,2020-02-20 07:20:02,2.82,-60.67,78.8,65,78,12.75
359,Te Anau,NZ,2020-02-20 07:17:28,-45.42,167.72,62.46,78,96,8.03
360,Magadan,RU,2020-02-20 07:15:53,59.57,150.8,-1.8,73,0,1.5
361,Gombong,ID,2020-02-20 07:17:18,-7.61,109.51,86.07,70,96,5.14
362,Nioro,GM,2020-02-20 07:20:02,13.35,-15.75,69.46,22,66,2.57
363,Kabompo,ZM,2020-02-20 07:20:03,-13.59,24.2,66.09,97,100,4.43
364,Pestyaki,RU,2020-02-20 07:20:03,56.71,42.67,33.62,89,97,7.27
365,Imeni Poliny Osipenko,RU,2020-02-20 07:20:03,52.42,136.49,15.28,81,100,2.17
366,Kahului,US,2020-02-20 07:20:03,20.89,-156.47,69.8,88,40,17.22
367,Nyurba,RU,2020-02-20 07:20:03,63.28,118.33,10.15,93,100,7.34
368,Lucea,JM,2020-02-20 07:20:04,18.45,-78.17,78.8,74,20,6.93
369,Broken Hill,AU,2020-02-20 07:17:48,-31.95,141.43,75.2,27,94,11.41
370,Labuhan,ID,2020-02-20 07:18:23,-6.88,112.21,75.83,94,100,8.14
371,Padang,ID,2020-02-20 07:15:40,-0.95,100.35,85.73,52,21,5.03
372,Biltine,TD,2020-02-20 07:20:05,14.53,20.92,69.82,23,50,18.99
373,Ust-Kulom,RU,2020-02-20 07:20:05,61.69,53.69,31.35,95,100,8.19
374,Kodigenahalli,IN,2020-02-20 07:20:05,13.72,77.39,80.6,26,20,9.17
375,Zhezkazgan,KZ,2020-02-20 07:20:06,47.8,67.71,14.0,85,34,6.71
376,Pakdasht,IR,2020-02-20 07:20:06,35.48,51.68,44.6,86,90,6.93
377,Shache,CN,2020-02-20 07:20:06,38.42,77.24,40.14,28,0,3.71
378,Grindavik,IS,2020-02-20 07:20:06,63.84,-22.43,35.6,76,75,19.46
379,Itacoatiara,BR,2020-02-20 07:20:06,-3.14,-58.44,73.44,98,100,2.55
380,Byron Bay,AU,2020-02-20 07:20:07,-28.65,153.62,84.0,61,90,13.87
381,Loralai,PK,2020-02-20 07:20:07,30.37,68.6,47.64,34,0,15.26
382,Bongandanga,CD,2020-02-20 07:20:07,1.5,21.05,73.78,87,11,2.53
383,Houma,US,2020-02-20 07:17:43,29.6,-90.72,64.4,100,90,4.7
384,Te Karaka,NZ,2020-02-20 07:20:07,-38.47,177.87,69.91,66,63,3.74
385,Kautokeino,NO,2020-02-20 07:20:08,69.01,23.04,0.54,72,53,11.12
386,Fernandez,AR,2020-02-20 07:20:08,-27.92,-63.89,71.31,63,12,2.3
387,Pangkalanbuun,ID,2020-02-20 07:20:08,-2.68,111.62,93.06,48,71,0.38
388,Bulaevo,KZ,2020-02-20 07:19:42,54.91,70.44,28.09,91,100,17.69
389,Ancud,CL,2020-02-20 07:17:36,-41.87,-73.82,48.2,81,0,11.41
390,Contamana,PE,2020-02-20 07:20:09,-7.33,-75.02,74.79,72,92,1.88
391,Beidao,CN,2020-02-20 07:20:09,34.57,105.89,39.65,41,100,12.8
392,Kermanshah,IR,2020-02-20 07:20:09,34.31,47.06,39.2,93,90,11.41
393,Avesta,SE,2020-02-20 07:20:10,60.15,16.17,32.0,92,90,5.82
394,Lithakia,GR,2020-02-20 07:20:10,37.72,20.83,55.4,82,40,21.03
395,Taunggyi,MM,2020-02-20 07:16:14,20.78,97.03,83.7,17,0,6.8
396,Kieta,PG,2020-02-20 07:20:10,-6.22,155.63,84.16,78,59,17.29
397,Tapejara,BR,2020-02-20 07:20:11,-28.07,-52.01,62.19,96,57,1.48
398,Orocue,CO,2020-02-20 07:20:11,4.79,-71.34,82.15,55,71,6.11
399,Sulangan,PH,2020-02-20 07:20:11,11.14,123.72,80.28,78,57,20.96
400,Luwuk,ID,2020-02-20 07:20:11,-0.95,122.79,83.52,76,100,13.98
401,Alyangula,AU,2020-02-20 07:20:11,-13.85,136.42,86.0,74,75,8.05
402,Maniitsoq,GL,2020-02-20 07:18:04,65.42,-52.9,4.69,61,28,9.78
403,Humaita,BR,2020-02-20 07:20:12,-7.51,-63.02,74.26,92,100,2.57
404,Namatanai,PG,2020-02-20 07:20:12,-3.67,152.43,83.8,73,4,11.88
405,Ocland,RO,2020-02-20 07:20:12,46.17,25.42,37.0,92,100,2.24
406,Mapimi,MX,2020-02-20 07:20:13,25.82,-103.85,66.16,60,0,2.17
407,Sergeyevka,KZ,2020-02-20 07:20:13,53.88,67.42,22.26,90,100,18.95
408,Prince Rupert,CA,2020-02-20 07:17:56,54.32,-130.32,33.8,100,90,4.5
409,Morondava,MG,2020-02-20 07:20:13,-20.28,44.28,83.79,76,59,4.27
410,San Juan,AR,2020-02-20 07:18:45,-31.54,-68.54,77.11,31,0,22.82
411,Kazachinskoye,RU,2020-02-20 07:20:14,57.7,93.28,25.92,91,100,9.95
412,Nokaneng,BW,2020-02-20 07:20:14,-19.67,22.27,72.7,78,96,6.69
413,Van,TR,2020-02-20 07:19:11,38.49,43.38,35.6,93,75,1.66
414,Malakal,SS,2020-02-20 07:20:14,9.53,31.66,80.42,16,12,15.21
415,Chingirlau,KZ,2020-02-20 07:20:15,51.09,54.08,31.59,87,100,6.46
416,Forssa,FI,2020-02-20 07:20:15,60.78,23.6,32.0,93,0,1.99
417,Saveh,IR,2020-02-20 07:20:15,35.02,50.36,42.57,89,100,6.02
418,Narsaq,GL,2020-02-20 07:20:15,60.92,-46.05,8.6,46,93,8.16
419,Dakar,SN,2020-02-20 07:15:41,14.69,-17.44,73.4,83,93,18.34
420,Teruel,ES,2020-02-20 07:20:16,40.67,-0.67,39.2,80,0,3.36
421,Orotukan,RU,2020-02-20 07:20:16,62.27,151.7,-16.69,100,80,1.34
422,Nipawin,CA,2020-02-20 07:20:16,53.37,-104.0,6.8,77,1,16.11
423,Souillac,MU,2020-02-20 07:20:16,-20.52,57.52,82.99,69,40,12.75
424,Necochea,AR,2020-02-20 07:18:52,-38.55,-58.74,60.01,64,2,14.0
425,Half Moon Bay,US,2020-02-20 07:20:17,37.46,-122.43,52.0,66,1,6.93
426,Araouane,ML,2020-02-20 07:20:17,18.9,-3.53,69.73,13,72,7.47
427,Topolobampo,MX,2020-02-20 07:20:17,25.6,-109.05,61.0,79,49,1.99
428,Looc,PH,2020-02-20 07:20:18,12.26,121.99,79.11,74,100,24.36
429,Davila,PH,2020-02-20 07:20:18,18.47,120.58,86.0,37,20,9.17
430,Yuanping,CN,2020-02-20 07:20:18,38.72,112.76,42.21,35,100,3.65
431,Todos Santos,MX,2020-02-20 07:20:18,23.45,-110.22,66.99,65,4,1.99
432,Tamiahua,MX,2020-02-20 07:20:18,21.27,-97.45,73.74,92,0,4.83
433,Khani,GE,2020-02-20 07:20:19,41.96,42.96,46.4,75,40,5.82
434,Hami,CN,2020-02-20 07:20:19,42.8,93.45,30.97,42,95,7.34
435,Doume,CM,2020-02-20 07:20:19,4.23,13.45,66.16,54,71,1.52
436,Bhuj,IN,2020-02-20 07:20:19,23.27,69.67,77.61,48,0,6.22
437,Ahipara,NZ,2020-02-20 07:17:27,-35.17,173.17,75.99,86,79,7.92
438,Napier,NZ,2020-02-20 07:20:20,-39.48,176.92,73.99,76,50,1.01
439,Vestmannaeyjar,IS,2020-02-20 07:17:15,63.44,-20.27,35.6,70,75,17.22
440,Mehamn,NO,2020-02-20 07:17:41,71.04,27.85,28.4,86,40,24.16
441,Steyr,AT,2020-02-20 07:20:20,48.04,14.42,37.0,100,40,2.24
442,Bathsheba,BB,2020-02-20 07:20:21,13.22,-59.52,77.0,69,40,19.46
443,Heidenreichstein,AT,2020-02-20 07:20:21,48.87,15.12,37.0,91,19,1.99
444,Beira,MZ,2020-02-20 07:20:21,-19.84,34.84,84.2,83,75,6.93
445,Demecser,HU,2020-02-20 07:20:21,48.11,21.92,39.2,80,75,11.5
446,Menongue,AO,2020-02-20 07:20:21,-14.66,17.69,63.93,96,100,2.51
447,Perama,GR,2020-02-20 07:20:22,37.98,23.58,55.99,100,90,5.28
448,Mount Pleasant,US,2020-02-20 07:20:22,32.79,-79.86,50.0,87,90,5.82
449,Herat,AF,2020-02-20 07:20:22,34.5,62.0,55.4,32,75,3.36
450,Arlit,NE,2020-02-20 07:20:22,18.74,7.39,61.27,22,7,10.25
451,Hun,LY,2020-02-20 07:20:23,29.13,15.95,49.87,73,16,5.68
452,Tenkodogo,BF,2020-02-20 07:20:23,11.78,-0.37,70.21,17,0,11.3
453,Vestmanna,FO,2020-02-20 07:18:52,62.16,-7.17,37.4,69,100,29.97
454,La Brea,HN,2020-02-20 07:20:23,15.8,-85.97,79.3,79,0,12.66
455,Celina,US,2020-02-20 07:20:23,40.55,-84.57,28.0,58,1,7.83
456,Taga,RO,2020-02-20 07:20:24,46.95,24.05,34.0,86,40,3.36
457,Dekar,BW,2020-02-20 07:20:24,-21.53,21.93,69.76,85,99,5.26
458,La Ligua,CL,2020-02-20 07:20:24,-32.45,-71.23,53.6,87,0,4.7
459,Okato,NZ,2020-02-20 07:20:24,-39.2,173.88,66.0,69,48,1.01
460,Zhangye,CN,2020-02-20 07:20:24,38.93,100.45,31.71,36,16,5.82
461,Berdigestyakh,RU,2020-02-20 07:20:25,62.1,126.7,1.44,94,93,4.18
462,Galle,LK,2020-02-20 07:18:27,6.04,80.22,78.44,77,0,1.79
463,Goma,CD,2020-02-20 07:20:25,-1.68,29.22,62.56,87,38,1.45
464,Havre-Saint-Pierre,CA,2020-02-20 07:20:26,50.23,-63.6,-4.0,53,1,19.46
465,Lahaina,US,2020-02-20 07:20:26,20.88,-156.68,69.8,88,40,17.22
466,Cookeville,US,2020-02-20 07:20:26,36.16,-85.5,43.0,52,75,4.7
467,Loa Janan,ID,2020-02-20 07:20:27,-0.58,117.09,91.56,53,60,6.26
468,Rio Gallegos,AR,2020-02-20 07:20:27,-51.62,-69.22,42.8,60,2,10.29
469,Georgiyevka,KZ,2020-02-20 07:20:27,43.04,74.71,35.6,59,0,4.47
470,Lethem,GY,2020-02-20 07:20:27,3.38,-59.8,77.74,59,84,15.5
471,Saint George,US,2020-02-20 07:20:27,37.1,-113.58,42.8,28,1,4.7
472,Richards Bay,ZA,2020-02-20 07:18:19,-28.78,32.04,76.41,85,14,9.19
473,Denpasar,ID,2020-02-20 07:16:00,-8.65,115.22,87.8,74,20,9.17
474,Goalpara,IN,2020-02-20 07:20:28,26.17,90.62,81.52,35,95,5.23
475,Porto Seguro,BR,2020-02-20 07:18:58,-16.45,-39.06,73.4,94,20,4.7
476,Alpena,US,2020-02-20 07:20:28,45.06,-83.43,10.4,78,1,4.7
477,Marzuq,YE,2020-02-20 07:20:29,14.4,46.47,79.99,23,21,2.73
478,Santarem,BR,2020-02-20 07:20:29,-2.44,-54.71,77.0,88,75,3.36
479,Teya,RU,2020-02-20 07:20:29,60.38,92.63,24.28,85,100,10.87
480,Esperance,AU,2020-02-20 07:17:57,-33.87,121.9,77.0,44,40,19.46
481,Srandakan,ID,2020-02-20 07:20:30,-7.94,110.25,85.5,66,100,4.59
482,Sao Filipe,CV,2020-02-20 07:17:12,14.9,-24.5,71.47,65,45,20.11
483,Halifax,CA,2020-02-20 07:16:26,44.65,-63.57,19.99,52,75,25.28
484,Babol,IR,2020-02-20 07:19:23,36.55,52.68,51.8,81,90,6.93
485,Nara,JP,2020-02-20 07:20:31,34.69,135.8,57.99,50,75,5.82
486,Malanje,AO,2020-02-20 07:20:31,-9.54,16.34,64.8,98,99,4.16
487,Klin,RU,2020-02-20 07:20:31,56.33,36.73,37.4,90,98,8.95
488,Kutum,SD,2020-02-20 07:20:32,14.2,24.67,57.7,34,48,6.91
489,Muroto,JP,2020-02-20 07:20:32,33.28,134.15,57.2,47,20,4.7
490,Mazyr,BY,2020-02-20 07:20:32,52.05,29.25,35.06,91,69,6.91
491,Kapuskasing,CA,2020-02-20 07:20:32,49.42,-82.43,-11.2,76,5,6.93
492,Qiongshan,CN,2020-02-20 07:20:33,20.01,110.35,80.6,51,20,17.9
493,Barra Do Garcas,BR,2020-02-20 07:20:33,-15.89,-52.26,70.63,96,100,2.42
494,Ushtobe,KZ,2020-02-20 07:20:33,45.25,77.98,31.59,58,0,3.2
495,Akdepe,TM,2020-02-20 07:20:33,42.06,59.38,44.6,41,68,18.34
496,Namibe,AO,2020-02-20 07:18:30,-15.2,12.15,74.75,72,100,9.69
497,Durban,ZA,2020-02-20 07:20:31,-29.86,31.03,77.0,88,20,2.24
498,Porbandar,IN,2020-02-20 07:20:34,21.64,69.61,76.19,66,0,8.59
499,San Quintin,MX,2020-02-20 07:17:28,30.48,-115.95,56.84,92,0,7.38
500,Fairbanks,US,2020-02-20 07:20:02,64.84,-147.72,16.0,92,40,3.06
501,Solofra,IT,2020-02-20 07:20:34,40.83,14.84,50.0,87,0,5.82
502,Ust-Ishim,RU,2020-02-20 07:20:35,57.69,71.17,32.76,99,100,7.72
503,Kiama,AU,2020-02-20 07:20:35,-34.68,150.87,72.0,53,40,14.99
504,Praia Da Vitoria,PT,2020-02-20 07:20:35,38.73,-27.07,53.6,66,75,18.81
505,Freeport,US,2020-02-20 07:20:35,40.66,-73.58,33.01,56,75,17.22
506,Henties Bay,NA,2020-02-20 07:16:47,-22.12,14.28,64.99,96,100,3.02
507,Sinnamary,GF,2020-02-20 07:20:36,5.38,-52.95,78.06,76,94,16.17
508,Jumla,NP,2020-02-20 07:20:36,29.27,82.18,52.56,23,82,4.32
509,Antalaha,MG,2020-02-20 07:20:36,-14.9,50.28,81.75,74,37,6.8
510,Invermere,CA,2020-02-20 07:20:37,50.52,-116.04,10.0,84,4,2.98
511,Changji,CN,2020-02-20 07:20:37,44.02,87.32,30.2,63,50,8.95
512,Catamarca,AR,2020-02-20 07:20:37,-28.47,-65.79,53.42,81,0,4.45
513,Shubarshi,KZ,2020-02-20 07:20:37,48.59,57.19,26.2,83,100,11.18
514,Pasni,PK,2020-02-20 07:20:37,25.26,63.47,79.38,9,31,15.43
515,Kuching,MY,2020-02-20 07:20:38,1.55,110.33,82.4,83,40,9.17
516,Axim,GH,2020-02-20 07:20:38,4.87,-2.24,76.6,94,22,2.19
517,The Valley,AI,2020-02-20 07:20:38,18.22,-63.06,77.0,69,20,11.41
518,Mandera,KE,2020-02-20 07:20:38,3.94,41.87,83.32,59,32,8.43
519,Giyani,ZA,2020-02-20 07:20:39,-23.3,30.72,76.71,72,70,2.55
520,Isangel,VU,2020-02-20 07:20:39,-19.55,169.27,79.2,79,45,12.93
521,Flinders,AU,2020-02-20 07:20:39,-34.58,150.86,73.0,53,40,14.99
522,Sharjah,AE,2020-02-20 07:20:24,25.36,55.4,84.2,23,67,10.29
523,Katobu,ID,2020-02-20 07:20:39,-4.94,122.53,77.4,94,98,3.6
524,Pacific Grove,US,2020-02-20 07:20:40,36.62,-121.92,51.01,81,1,4.7
525,Presque Isle,US,2020-02-20 07:20:40,46.68,-68.02,5.0,54,1,10.29
526,Pathein,MM,2020-02-20 07:20:40,16.78,94.73,81.0,47,12,10.02
527,Toba,JP,2020-02-20 07:20:40,34.48,136.85,53.6,54,75,16.11
528,Ugep,NG,2020-02-20 07:20:41,5.81,8.08,73.06,96,32,0.25
529,Nantucket,US,2020-02-20 07:20:41,41.28,-70.1,30.2,46,1,18.34
530,Celestun,MX,2020-02-20 07:20:41,20.87,-90.4,77.52,85,0,15.61
531,Sayyan,YE,2020-02-20 07:20:41,15.17,44.32,67.62,40,38,3.24
532,Tirumullaivasal,IN,2020-02-20 07:20:42,11.23,79.83,79.25,67,1,11.25
533,Puksoozero,RU,2020-02-20 07:20:42,62.59,40.61,29.26,96,98,6.67
534,Sitka,US,2020-02-20 07:20:42,57.05,-135.33,39.2,80,90,6.93
535,Waingapu,ID,2020-02-20 07:20:42,-9.66,120.26,83.32,80,100,22.44
536,Mitu,CO,2020-02-20 07:20:42,1.2,-70.17,72.43,86,3,1.28
537,Sokoto,NG,2020-02-20 07:20:43,13.06,5.24,63.5,22,0,12.24
538,Udachnyy,RU,2020-02-20 07:20:43,66.42,112.4,9.25,86,45,12.84
539,Port Macquarie,AU,2020-02-20 07:20:43,-31.43,152.92,79.0,69,40,14.99
540,Ostrzeszow,PL,2020-02-20 07:20:43,51.43,17.93,39.0,8,95,10.36
541,Olivenza,ES,2020-02-20 07:20:44,38.68,-7.1,45.0,93,0,2.24
542,Monrovia,LR,2020-02-20 07:20:44,6.3,-10.8,73.4,94,75,5.82
543,Chokwe,MZ,2020-02-20 07:20:44,-24.53,32.98,81.05,74,13,6.42
544,Orlik,RU,2020-02-20 07:20:44,52.52,99.83,6.55,71,100,4.41
545,Sao Jose De Ribamar,BR,2020-02-20 07:20:06,-2.56,-44.05,75.2,100,75,12.44
546,Juneau,US,2020-02-20 07:16:06,58.3,-134.42,37.4,86,90,12.75
547,Bucak,TR,2020-02-20 07:20:45,37.46,30.59,51.8,80,75,2.24
548,Redcliffe,AU,2020-02-20 07:20:45,-27.23,153.1,89.01,58,20,10.29
549,Zaritap,AM,2020-02-20 07:20:45,39.64,45.51,33.8,100,90,4.7
550,Gelemso,ET,2020-02-20 07:20:46,8.82,40.52,74.97,41,85,2.33
551,Yuxia,CN,2020-02-20 07:20:46,34.06,108.63,48.99,39,20,8.95
552,Cockburn Town,TC,2020-02-20 07:20:46,21.46,-71.14,77.43,78,8,20.07
553,Poso,ID,2020-02-20 07:20:46,-1.4,120.75,75.65,71,53,5.68
554,Karatau,KZ,2020-02-20 07:20:46,43.17,70.47,29.8,65,0,3.18
555,Worland,US,2020-02-20 07:16:31,44.02,-107.96,3.99,91,1,3.76
556,Sechura,PE,2020-02-20 07:20:47,-5.56,-80.82,74.26,85,33,6.46
557,Itoman,JP,2020-02-20 07:20:47,26.12,127.67,68.0,52,40,11.41
558,Uige,AO,2020-02-20 07:20:47,-7.61,15.06,68.07,88,100,3.13
559,Tame,CO,2020-02-20 07:20:48,6.46,-71.73,77.56,62,20,3.87
560,Laguna,US,2020-02-20 07:17:07,38.42,-121.42,51.01,70,1,2.1
561,Bol,TD,2020-02-20 07:20:48,13.46,14.71,64.02,39,0,16.78
